Rk,Player,G,MP,eFG%,FT%,TRB,AST,STL,BLK,TOV,PTS,Player-additional
1,Álex Abrines,31,19.0,.487,.923,1.5,0.6,0.5,0.2,0.5,5.3,abrinal01
2,Quincy Acy,10,12.3,.278,.700,2.5,0.8,0.1,0.4,0.4,1.7,acyqu01
3,Jaylen Adams,34,12.6,.459,.778,1.8,1.9,0.4,0.1,0.8,3.2,adamsja01
4,Steven Adams,80,33.4,.595,.500,9.5,1.6,1.5,1.0,1.7,13.9,adamsst01
5,Bam Adebayo,82,23.3,.579,.735,7.3,2.2,0.9,0.8,1.5,8.9,adebaba01
6,Deng Adel,19,10.2,.389,1.000,1.0,0.3,0.1,0.2,0.3,1.7,adelde01
7,DeVaughn Akoon-Purcell,7,3.1,.300,.500,0.6,0.9,0.3,0.0,0.3,1.0,akoonde01
8,LaMarcus Aldridge,81,33.2,.522,.847,9.2,2.4,0.5,1.3,1.8,21.3,aldrila01
9,Rawle Alkins,10,12.0,.372,.667,2.6,1.3,0.1,0.0,0.8,3.7,alkinra01
10,Grayson Allen,38,10.9,.466,.750,0.6,0.7,0.2,0.2,0.9,5.6,allengr01
11,Jarrett Allen,80,26.2,.595,.709,8.4,1.4,0.5,1.5,1.3,10.9,allenja01
12,Kadeem Allen,19,21.9,.521,.778,2.7,4.0,0.8,0.2,1.4,9.9,allenka01
13,Al-Farouq Aminu,81,28.3,.514,.867,7.5,1.3,0.8,0.4,0.9,9.4,aminual01
14,Justin Anderson,48,9.6,.484,.743,1.8,0.5,0.5,0.3,0.5,3.7,anderju01
15,Kyle Anderson,43,29.8,.560,.578,5.8,3.0,1.3,0.9,1.3,8.0,anderky01
16,Ryan Anderson,25,12.9,.370,.750,2.2,0.8,0.2,0.0,0.6,2.5,anderry01
16,Ryan Anderson,15,18.5,.375,.786,3.0,1.1,0.2,0.1,0.8,3.7,anderry01
16,Ryan Anderson,10,4.4,.333,.500,0.9,0.2,0.1,0.0,0.2,0.7,anderry01
17,Ike Anigbogu,3,2.0,.000,,1.0,0.3,0.0,0.3,0.3,0.0,anigbik01
18,Giannis Antetokounmpo,72,32.8,.599,.729,12.5,5.9,1.3,1.5,3.7,27.7,antetgi01
19,Kostas Antetokounmpo,2,5.5,.000,.500,0.5,0.0,1.0,0.0,0.5,1.0,antetko01
20,Carmelo Anthony,10,29.4,.492,.682,5.4,0.5,0.4,0.7,0.8,13.4,anthoca01
21,OG Anunoby,67,20.2,.536,.581,2.9,0.7,0.7,0.3,0.8,7.0,anunoog01
22,Ryan Arcidiacono,81,24.2,.544,.873,2.7,3.3,0.8,0.0,0.8,6.7,arcidry01
23,Trevor Ariza,69,34.0,.498,.793,5.4,3.7,1.3,0.3,1.5,12.5,arizatr01
23,Trevor Ariza,26,34.0,.489,.837,5.6,3.3,1.5,0.3,1.5,9.9,arizatr01
23,Trevor Ariza,43,34.1,.502,.777,5.3,3.8,1.2,0.3,1.6,14.1,arizatr01
24,D.J. Augustin,81,28.0,.566,.866,2.5,5.3,0.6,0.0,1.6,11.7,augusdj01
25,Deandre Ayton,71,30.7,.585,.746,10.3,1.8,0.9,0.9,1.8,16.3,aytonde01
26,Dwayne Bacon,43,17.7,.549,.739,2.1,1.1,0.3,0.1,0.4,7.3,bacondw01
27,Marvin Bagley III,62,25.3,.525,.691,7.6,1.0,0.5,1.0,1.6,14.9,baglema01
28,Ron Baker,15,10.1,.225,.833,0.7,1.0,0.4,0.1,0.3,0.9,bakerro01
28,Ron Baker,11,9.7,.281,.833,0.6,1.2,0.5,0.0,0.3,1.3,bakerro01
28,Ron Baker,4,11.3,.000,,1.0,0.5,0.3,0.3,0.5,0.0,bakerro01
29,Wade Baldwin,16,5.9,.333,.727,0.9,0.8,0.1,0.1,0.9,1.9,baldwwa01
30,Lonzo Ball,47,30.3,.488,.417,5.3,5.4,1.5,0.4,2.2,9.9,balllo01
31,Mo Bamba,47,16.3,.525,.587,5.0,0.8,0.3,1.4,0.9,6.2,bambamo01
32,J.J. Barea,38,19.8,.468,.705,2.5,5.6,0.6,0.0,1.9,10.9,bareajo01
33,Harrison Barnes,77,32.9,.504,.824,4.7,1.5,0.6,0.2,1.3,16.4,barneha02
33,Harrison Barnes,49,32.3,.489,.833,4.2,1.3,0.7,0.2,1.4,17.7,barneha02
33,Harrison Barnes,28,33.9,.540,.800,5.5,1.9,0.6,0.1,1.1,14.3,barneha02
34,Will Barton,43,27.7,.475,.770,4.6,2.9,0.4,0.5,1.5,11.5,bartowi01
35,Keita Bates-Diop,30,16.8,.468,.643,2.8,0.6,0.6,0.5,0.5,5.0,bateske01
36,Nicolas Batum,75,31.4,.553,.865,5.2,3.3,0.9,0.6,1.6,9.3,batumni01
37,Jerryd Bayless,34,19.3,.420,.571,1.8,3.5,0.5,0.1,0.9,6.1,bayleje01
38,Aron Baynes,51,16.1,.518,.855,4.7,1.1,0.2,0.7,0.8,5.6,baynear01
39,Kent Bazemore,67,24.5,.472,.726,3.9,2.3,1.3,0.6,1.8,11.6,bazemke01
40,Bradley Beal,82,36.9,.540,.808,5.0,5.5,1.5,0.7,2.7,25.6,bealbr01
41,Malik Beasley,81,23.2,.584,.848,2.5,1.2,0.7,0.1,0.7,11.3,beaslma01
42,Michael Beasley,26,10.7,.500,.718,2.3,1.0,0.3,0.4,1.0,7.0,beaslmi01
43,Marco Belinelli,79,23.0,.520,.903,2.5,1.7,0.4,0.1,0.9,10.5,belinma01
44,Jordan Bell,68,11.6,.516,.610,2.7,1.1,0.3,0.8,0.6,3.3,belljo01
45,DeAndre' Bembry,82,23.5,.487,.640,4.4,2.5,1.3,0.5,1.7,8.4,bembrde01
46,Dragan Bender,46,18.0,.503,.593,4.0,1.2,0.4,0.5,0.8,5.0,bendedr01
47,Dairis Bertāns,12,13.9,.362,,0.8,0.8,0.1,0.0,0.2,2.8,bertada02
48,Dāvis Bertāns,76,21.5,.610,.883,3.5,1.3,0.5,0.4,0.6,8.0,bertada01
49,Patrick Beverley,78,27.4,.524,.780,5.0,3.8,0.9,0.6,1.1,7.6,beverpa01
50,Khem Birch,50,12.9,.603,.699,3.8,0.8,0.4,0.6,0.4,4.8,birchkh01
51,Bismack Biyombo,54,14.5,.571,.637,4.6,0.6,0.2,0.8,0.6,4.4,biyombi01
52,Nemanja Bjelica,77,23.2,.566,.761,5.8,1.9,0.7,0.7,1.1,9.6,bjeline01
53,Antonio Blakeney,57,14.5,.465,.658,1.9,0.7,0.2,0.2,0.6,7.3,blakean01
54,Eric Bledsoe,78,29.1,.548,.750,4.6,5.5,1.5,0.4,2.1,15.9,bledser01
55,Jaron Blossomgame,27,16.3,.491,.769,3.6,0.5,0.3,0.3,0.4,4.2,blossja01
56,Bogdan Bogdanović,70,27.8,.496,.827,3.5,3.8,1.0,0.2,1.7,14.1,bogdabo01
57,Bojan Bogdanović,81,31.8,.575,.807,4.1,2.0,0.9,0.0,1.7,18.0,bogdabo02
58,Andrew Bogut,11,12.2,.500,1.000,5.0,1.0,0.3,0.7,0.7,3.5,bogutan01
59,Jonah Bolden,44,14.5,.599,.481,3.8,0.9,0.4,0.9,0.8,4.7,boldejo01
60,Isaac Bonga,22,5.5,.152,.600,1.1,0.7,0.4,0.2,0.3,0.9,bongais01
61,Devin Booker,64,35.0,.521,.866,4.1,6.8,0.9,0.2,4.1,26.6,bookede01
62,Chris Boucher,28,5.8,.526,.867,2.0,0.1,0.2,0.9,0.3,3.3,bouchch01
63,Avery Bradley,63,30.2,.479,.860,2.8,2.4,0.7,0.3,1.4,9.9,bradlav01
63,Avery Bradley,49,29.9,.452,.800,2.7,2.0,0.6,0.3,1.2,8.2,bradlav01
63,Avery Bradley,14,31.6,.537,.920,3.1,4.0,1.0,0.0,2.0,16.1,bradlav01
64,Tony Bradley,3,12.0,.500,.500,5.0,0.3,0.7,0.7,1.0,5.7,bradlto01
65,Corey Brewer,31,15.9,.488,.721,2.5,1.3,1.0,0.2,0.6,4.9,breweco01
65,Corey Brewer,7,20.0,.449,.692,2.4,1.4,1.7,0.3,1.1,7.6,breweco01
65,Corey Brewer,24,14.7,.514,.733,2.5,1.2,0.8,0.2,0.5,4.1,breweco01
66,Mikal Bridges,82,29.5,.523,.805,3.2,2.1,1.6,0.5,0.9,8.3,bridgmi01
67,Miles Bridges,80,21.2,.527,.753,4.0,1.2,0.7,0.6,0.6,7.5,bridgmi02
68,Isaiah Briscoe,39,14.3,.438,.577,1.9,2.2,0.3,0.1,0.8,3.5,briscis01
69,Ryan Broekhoff,42,10.8,.603,.789,1.5,0.5,0.1,0.1,0.4,4.0,broekry01
70,Malcolm Brogdon,64,28.6,.575,.928,4.5,3.2,0.7,0.2,1.4,15.6,brogdma01
71,Dillon Brooks,18,18.3,.463,.733,1.7,0.9,0.6,0.2,1.1,7.5,brookdi01
72,MarShon Brooks,29,13.3,.494,.697,1.6,0.9,0.3,0.1,0.7,6.6,brookma01
73,Bruce Brown,74,19.6,.436,.750,2.5,1.2,0.5,0.5,0.6,4.3,brownbr01
74,Jaylen Brown,74,25.9,.525,.658,4.2,1.4,0.9,0.4,1.3,13.0,brownja02
75,Lorenzo Brown,26,8.2,.366,1.000,1.2,1.1,0.5,0.2,0.6,2.1,brownlo01
76,Sterling Brown,58,17.8,.550,.690,3.2,1.4,0.4,0.1,0.8,6.4,brownst02
77,Troy Brown Jr.,52,14.0,.462,.681,2.8,1.5,0.4,0.1,0.6,4.8,browntr01
78,Jalen Brunson,73,21.8,.523,.725,2.3,3.2,0.5,0.1,1.2,9.3,brunsja01
79,Thomas Bryant,72,20.8,.648,.781,6.3,1.3,0.3,0.9,0.8,10.5,bryanth01
80,Reggie Bullock,63,29.8,.537,.859,2.7,2.0,0.6,0.2,1.0,11.3,bullore01
80,Reggie Bullock,44,30.8,.542,.875,2.8,2.5,0.5,0.1,1.2,12.1,bullore01
80,Reggie Bullock,19,27.6,.523,.810,2.6,1.1,0.8,0.4,0.6,9.3,bullore01
81,Trey Burke,58,19.4,.482,.831,1.7,2.7,0.6,0.1,0.8,10.9,burketr01
81,Trey Burke,33,20.9,.455,.827,1.9,2.8,0.6,0.2,0.9,11.8,burketr01
81,Trey Burke,25,17.4,.532,.837,1.5,2.6,0.5,0.1,0.8,9.7,burketr01
82,Alec Burks,64,21.5,.469,.823,3.7,2.0,0.6,0.3,1.0,8.8,burksal01
82,Alec Burks,17,15.8,.482,.868,1.6,1.2,0.4,0.2,0.9,8.4,burksal01
82,Alec Burks,34,28.8,.466,.806,5.5,2.9,0.7,0.5,1.4,11.6,burksal01
82,Alec Burks,13,9.8,.450,.800,1.7,0.8,0.6,0.1,0.3,1.7,burksal01
83,Deonte Burton,32,7.5,.451,.667,0.9,0.3,0.2,0.3,0.3,2.6,burtode02
84,Jimmy Butler,65,33.6,.499,.855,5.3,4.0,1.9,0.6,1.5,18.7,butleji01
84,Jimmy Butler,10,36.1,.525,.787,5.2,4.3,2.4,1.0,1.4,21.3,butleji01
84,Jimmy Butler,55,33.2,.494,.868,5.3,4.0,1.8,0.5,1.5,18.2,butleji01
85,Bruno Caboclo,34,23.5,.533,.840,4.6,1.5,0.4,1.0,1.1,8.3,cabocbr01
86,José Calderón,49,12.9,.433,.818,1.2,2.3,0.3,0.1,0.7,2.3,caldejo01
87,Kentavious Caldwell-Pope,82,24.8,.530,.867,2.9,1.3,0.9,0.2,0.8,11.4,caldwke01
88,Isaiah Canaan,30,21.0,.494,.792,1.9,2.8,0.5,0.1,1.2,6.0,canaais01
88,Isaiah Canaan,19,26.5,.492,.750,2.6,3.3,0.6,0.0,1.5,7.5,canaais01
88,Isaiah Canaan,7,13.6,.500,1.000,0.7,2.7,0.3,0.1,0.6,4.7,canaais01
88,Isaiah Canaan,4,7.8,.500,,1.0,0.8,0.0,0.3,0.5,1.5,canaais01
89,Clint Capela,67,33.6,.648,.636,12.7,1.4,0.7,1.5,1.4,16.6,capelca01
90,DeMarre Carroll,67,25.4,.487,.760,5.2,1.3,0.5,0.1,1.1,11.1,carrode01
91,Jevon Carter,39,14.8,.395,.813,1.7,1.8,0.7,0.3,0.8,4.4,carteje01
92,Vince Carter,76,17.5,.550,.712,2.6,1.1,0.6,0.4,0.6,7.4,cartevi01
93,Wendell Carter Jr.,44,25.2,.493,.795,7.0,1.8,0.6,1.3,1.5,10.3,cartewe01
94,Michael Carter-Williams,28,13.3,.415,.604,2.5,2.5,0.7,0.5,0.7,4.8,cartemi01
94,Michael Carter-Williams,16,9.1,.467,.462,0.8,1.3,0.6,0.4,0.6,4.3,cartemi01
94,Michael Carter-Williams,12,18.9,.363,.741,4.8,4.1,0.9,0.8,0.8,5.4,cartemi01
95,Alex Caruso,25,21.2,.514,.797,2.7,3.1,1.0,0.4,1.7,9.2,carusal01
96,Omri Casspi,36,14.4,.581,.672,3.2,0.7,0.6,0.3,0.6,6.3,casspom01
97,Willie Cauley-Stein,81,27.3,.557,.551,8.4,2.4,1.2,0.6,1.0,11.9,caulewi01
98,Troy Caupain,4,4.0,.625,,0.8,1.0,0.3,0.0,0.0,2.5,caupatr01
99,Tyler Cavanaugh,11,3.5,.350,1.000,0.7,0.1,0.0,0.0,0.1,0.8,cavanty01
100,Tyson Chandler,55,15.9,.616,.586,5.6,0.7,0.4,0.4,0.8,3.1,chandty01
100,Tyson Chandler,7,12.7,.667,.556,5.6,0.9,0.3,0.1,1.0,3.7,chandty01
100,Tyson Chandler,48,16.4,.609,.594,5.6,0.6,0.4,0.5,0.7,3.1,chandty01
101,Wilson Chandler,51,23.1,.526,.720,4.2,1.6,0.5,0.4,0.9,6.0,chandwi01
101,Wilson Chandler,36,26.4,.551,.722,4.7,2.0,0.6,0.5,1.1,6.7,chandwi01
101,Wilson Chandler,15,15.1,.447,.714,3.1,0.7,0.2,0.2,0.5,4.3,chandwi01
102,Joe Chealey,1,8.0,.333,,0.0,1.0,0.0,0.0,0.0,2.0,chealjo01
103,Chris Chiozza,7,4.7,.375,,0.6,0.6,0.1,0.1,0.1,0.9,chiozch01
104,Marquese Chriss,43,11.6,.417,.711,3.3,0.5,0.4,0.3,0.8,4.2,chrisma01
104,Marquese Chriss,16,6.5,.338,.857,1.8,0.4,0.1,0.3,0.8,1.8,chrisma01
104,Marquese Chriss,27,14.6,.435,.684,4.2,0.6,0.6,0.3,0.9,5.7,chrisma01
105,Gary Clark,51,12.6,.467,1.000,2.3,0.4,0.4,0.5,0.1,2.9,clarkga01
106,Ian Clark,60,16.2,.480,.892,1.5,1.6,0.4,0.1,1.0,6.7,clarkia01
107,Jordan Clarkson,81,27.3,.509,.844,3.3,2.4,0.7,0.2,1.7,16.8,clarkjo01
108,John Collins,61,30.0,.593,.763,9.8,2.0,0.4,0.6,2.0,19.5,collijo01
109,Zach Collins,77,17.6,.523,.746,4.2,0.9,0.3,0.9,1.0,6.6,colliza01
110,Darren Collison,76,28.2,.527,.832,3.1,6.0,1.4,0.1,1.6,11.2,collida01
111,Bonzie Colson,8,12.3,.397,.889,3.8,0.4,0.6,0.1,0.4,4.9,colsobo01
112,Mike Conley,70,33.5,.507,.845,3.4,6.4,1.3,0.3,1.9,21.1,conlemi01
113,Pat Connaughton,61,20.7,.560,.725,4.2,2.0,0.5,0.4,0.5,6.9,connapa01
114,Quinn Cook,74,14.3,.557,.769,2.1,1.6,0.3,0.0,0.7,6.9,cookqu01
115,DeMarcus Cousins,30,25.7,.515,.736,8.2,3.6,1.3,1.5,2.4,16.3,couside01
116,Robert Covington,35,34.4,.548,.764,5.5,1.3,2.1,1.3,1.3,13.3,covinro01
116,Robert Covington,13,33.8,.556,.739,5.2,1.1,1.8,1.8,1.7,11.3,covinro01
116,Robert Covington,22,34.7,.545,.773,5.7,1.5,2.3,1.1,1.1,14.5,covinro01
117,Allen Crabbe,43,26.3,.499,.732,3.4,1.1,0.5,0.3,1.1,9.6,crabbal01
118,Torrey Craig,75,20.0,.526,.700,3.5,1.0,0.5,0.6,0.6,5.7,craigto01
119,Jamal Crawford,64,18.9,.474,.845,1.3,3.6,0.5,0.2,1.5,7.9,crawfja01
120,Mitch Creek,5,9.6,.500,.714,2.4,1.2,0.4,0.0,0.2,4.2,creekmi01
120,Mitch Creek,4,9.0,.500,.714,2.5,1.3,0.3,0.0,0.0,3.8,creekmi01
120,Mitch Creek,1,12.0,.500,,2.0,1.0,1.0,0.0,1.0,6.0,creekmi01
121,Jae Crowder,80,27.1,.508,.721,4.8,1.7,0.8,0.4,1.1,11.9,crowdja01
122,Dante Cunningham,64,14.5,.570,.778,2.9,0.8,0.4,0.2,0.3,3.0,cunnida01
123,Seth Curry,74,18.9,.577,.846,1.6,0.9,0.5,0.2,0.8,7.9,curryse01
124,Stephen Curry,69,33.8,.604,.916,5.3,5.2,1.3,0.4,2.8,27.3,curryst01
125,Troy Daniels,51,14.9,.545,.783,1.4,0.5,0.5,0.1,0.5,6.2,danietr01
126,Anthony Davis,56,33.0,.540,.794,12.0,3.9,1.6,2.4,2.0,25.9,davisan02
127,Deyonta Davis,9,13.1,.682,.600,4.0,0.6,0.3,0.6,0.3,4.0,davisde01
128,Ed Davis,81,17.9,.616,.617,8.6,0.8,0.4,0.4,0.8,5.8,davised01
129,Tyler Davis,1,1.0,.000,,1.0,0.0,0.0,0.0,0.0,0.0,davisty01
130,Dewayne Dedmon,64,25.1,.571,.814,7.5,1.4,1.1,1.1,1.3,10.8,dedmode01
131,Sam Dekker,47,16.8,.506,.609,3.1,1.0,0.8,0.1,0.5,6.1,dekkesa01
131,Sam Dekker,9,18.8,.510,.800,3.7,1.0,1.2,0.0,0.6,6.3,dekkesa01
131,Sam Dekker,38,16.3,.505,.556,3.0,1.0,0.7,0.2,0.5,6.1,dekkesa01
132,Ángel Delgado,2,7.5,.200,.500,2.0,0.0,0.5,0.0,0.0,1.5,delgaan01
133,Matthew Dellavedova,48,16.9,.496,.808,1.6,3.8,0.3,0.0,1.4,5.9,dellama01
133,Matthew Dellavedova,12,8.1,.421,1.000,0.8,2.4,0.2,0.0,0.9,1.7,dellama01
133,Matthew Dellavedova,36,19.9,.502,.792,1.9,4.2,0.3,0.1,1.6,7.3,dellama01
134,Luol Deng,22,17.8,.559,.714,3.3,0.8,0.7,0.4,0.6,7.1,denglu01
135,DeMar DeRozan,77,34.9,.483,.830,6.0,6.2,1.1,0.5,2.6,21.2,derozde01
136,Marcus Derrickson,11,6.1,.636,.800,1.2,0.1,0.0,0.1,0.3,4.2,derrima01
137,Cheick Diallo,64,14.0,.622,.746,5.2,0.5,0.5,0.5,0.8,6.0,diallch01
138,Hamidou Diallo,51,10.3,.467,.610,1.9,0.3,0.4,0.2,0.5,3.7,diallha01
139,Gorgui Dieng,76,13.6,.527,.830,4.1,0.9,0.6,0.5,0.8,6.4,dienggo01
140,Spencer Dinwiddie,68,28.1,.517,.806,2.4,4.6,0.6,0.3,2.2,16.8,dinwisp01
141,Donte DiVincenzo,27,15.2,.492,.750,2.4,1.1,0.5,0.2,0.7,4.9,divindo01
142,Luka Dončić,72,32.2,.497,.713,7.8,6.0,1.1,0.3,3.4,21.2,doncilu01
143,Tyler Dorsey,48,14.5,.489,.623,2.4,1.2,0.3,0.0,0.6,6.2,dorsety01
143,Tyler Dorsey,27,9.3,.416,.615,1.6,0.6,0.3,0.0,0.4,3.3,dorsety01
143,Tyler Dorsey,21,21.3,.526,.629,3.3,1.9,0.3,0.0,0.8,9.8,dorsety01
144,Damyean Dotson,73,27.5,.506,.745,3.6,1.8,0.8,0.1,1.0,10.7,dotsoda01
145,PJ Dozier,6,8.5,.429,.500,2.8,0.8,0.3,0.0,0.0,3.2,doziepj01
146,Goran Dragić,36,27.5,.479,.782,3.1,4.8,0.8,0.1,2.0,13.7,dragigo01
147,Andre Drummond,79,33.5,.536,.590,15.6,1.4,1.7,1.7,2.2,17.3,drumman01
148,Jared Dudley,59,20.7,.533,.696,2.6,1.4,0.6,0.3,0.7,4.9,dudleja01
149,Kris Dunn,46,30.2,.458,.797,4.1,6.0,1.5,0.5,2.3,11.3,dunnkr01
150,Kevin Durant,78,34.6,.571,.885,6.4,5.9,0.7,1.1,2.9,26.0,duranke01
151,Trevon Duval,3,2.0,.833,,0.3,0.7,0.0,0.0,0.0,1.7,duvaltr01
152,Vince Edwards,2,8.0,.375,,1.0,0.0,0.0,0.0,0.0,1.5,edwarvi01
153,Henry Ellenson,19,13.6,.500,.760,3.5,0.8,0.4,0.1,0.5,6.0,ellenhe01
153,Henry Ellenson,2,12.5,.500,1.000,4.5,0.5,0.0,0.0,0.0,6.0,ellenhe01
153,Henry Ellenson,17,13.8,.500,.739,3.4,0.9,0.4,0.1,0.5,6.0,ellenhe01
154,Wayne Ellington,53,24.5,.554,.796,2.0,1.4,1.0,0.1,0.8,10.3,ellinwa01
154,Wayne Ellington,25,21.3,.530,.875,1.9,1.2,1.0,0.1,0.6,8.4,ellinwa01
154,Wayne Ellington,28,27.3,.570,.758,2.1,1.5,1.1,0.1,0.9,12.0,ellinwa01
155,Joel Embiid,64,33.7,.517,.804,13.6,3.7,0.7,1.9,3.5,27.5,embiijo01
156,James Ennis III,58,21.2,.563,.716,3.1,0.7,0.7,0.4,0.6,6.7,ennisja01
156,James Ennis III,40,23.7,.597,.724,2.9,0.7,1.0,0.4,0.6,7.4,ennisja01
156,James Ennis III,18,15.6,.476,.696,3.6,0.8,0.2,0.4,0.6,5.3,ennisja01
157,Drew Eubanks,23,4.9,.577,.846,1.5,0.3,0.1,0.2,0.3,1.8,eubandr01
158,Jacob Evans,30,6.8,.377,.000,0.8,0.8,0.2,0.1,0.4,1.3,evansja02
159,Jawun Evans,8,8.1,.214,,1.5,1.3,0.4,0.0,0.8,0.8,evansja01
159,Jawun Evans,7,9.1,.231,,1.7,1.4,0.4,0.0,0.9,0.9,evansja01
159,Jawun Evans,1,1.0,.000,,0.0,0.0,0.0,0.0,0.0,0.0,evansja01
160,Tyreke Evans,69,20.3,.448,.719,2.9,2.4,0.8,0.3,1.7,10.2,evansty01
161,Dante Exum,42,15.8,.456,.791,1.6,2.6,0.3,0.1,1.2,6.9,exumda01
162,Kenneth Faried,37,19.7,.604,.646,6.8,0.5,0.5,0.6,0.9,10.4,farieke01
162,Kenneth Faried,12,9.8,.607,.625,3.7,0.2,0.2,0.3,0.5,5.1,farieke01
162,Kenneth Faried,25,24.4,.603,.651,8.2,0.7,0.6,0.8,1.1,12.9,farieke01
163,Derrick Favors,76,23.2,.600,.675,7.4,1.2,0.7,1.4,1.1,11.8,favorde01
164,Cristiano Felício,60,12.4,.531,.685,3.6,0.6,0.2,0.1,0.6,4.0,feliccr01
165,Raymond Felton,33,11.5,.481,.923,1.0,1.6,0.3,0.2,0.4,4.3,feltora01
166,Terrance Ferguson,74,26.1,.552,.725,1.9,1.0,0.5,0.2,0.6,6.9,fergute01
167,Yogi Ferrell,71,15.0,.511,.896,1.5,1.9,0.5,0.1,0.6,5.9,ferreyo01
168,Dorian Finney-Smith,81,24.5,.507,.709,4.8,1.2,0.9,0.4,0.9,7.5,finnedo01
169,Bryn Forbes,82,28.0,.568,.885,2.9,2.1,0.5,0.0,1.0,11.8,forbebr01
170,Evan Fournier,81,31.5,.509,.806,3.2,3.6,0.9,0.1,1.9,15.1,fournev01
171,De'Aaron Fox,81,31.4,.497,.727,3.8,7.3,1.6,0.6,2.8,17.3,foxde01
172,Melvin Frazier,10,4.4,.333,.250,0.5,0.1,0.1,0.0,0.1,1.5,frazime01
173,Tim Frazier,59,19.0,.515,.759,2.8,4.2,0.5,0.1,1.3,5.3,fraziti01
173,Tim Frazier,47,19.3,.521,.780,2.9,4.4,0.5,0.1,1.3,5.0,fraziti01
173,Tim Frazier,12,17.6,.500,.692,2.6,3.5,0.4,0.1,1.3,6.3,fraziti01
174,Jimmer Fredette,6,10.8,.276,1.000,1.2,1.3,0.5,0.0,0.8,3.7,fredeji01
175,Enes Freedom,67,24.5,.556,.787,9.8,1.7,0.5,0.4,1.8,13.7,kanteen01
175,Enes Freedom,44,25.6,.544,.814,10.5,1.9,0.4,0.4,1.8,14.0,kanteen01
175,Enes Freedom,23,22.3,.584,.735,8.6,1.4,0.6,0.4,1.7,13.1,kanteen01
176,Channing Frye,36,9.5,.504,.786,1.4,0.6,0.2,0.1,0.4,3.6,fryech01
177,Markelle Fultz,19,22.5,.432,.568,3.7,3.1,0.9,0.3,1.3,8.2,fultzma01
178,Danilo Gallinari,68,30.3,.554,.904,6.1,2.6,0.7,0.3,1.5,19.8,gallida01
179,Langston Galloway,80,21.8,.503,.844,2.1,1.1,0.5,0.1,0.3,8.4,gallola01
180,Billy Garrett,4,15.8,.407,1.000,0.8,1.8,0.3,0.3,0.5,6.5,garrebi01
181,Marc Gasol,79,30.8,.505,.759,7.9,4.4,1.1,1.1,2.0,13.6,gasolma01
181,Marc Gasol,53,33.7,.499,.756,8.6,4.7,1.1,1.2,2.2,15.7,gasolma01
181,Marc Gasol,26,24.9,.527,.769,6.6,3.9,0.9,0.9,1.4,9.1,gasolma01
182,Pau Gasol*,30,12.0,.479,.700,4.6,1.7,0.2,0.5,0.5,3.9,gasolpa01
182,Pau Gasol*,27,12.2,.494,.711,4.7,1.9,0.2,0.5,0.5,4.2,gasolpa01
182,Pau Gasol*,3,10.0,.250,.500,3.3,0.7,0.0,0.3,0.7,1.3,gasolpa01
183,Rudy Gay,69,26.7,.554,.816,6.8,2.6,0.8,0.5,1.7,13.7,gayru01
184,Paul George,77,36.9,.529,.839,8.2,4.1,2.2,0.4,2.7,28.0,georgpa01
185,Taj Gibson,70,24.1,.576,.757,6.5,1.2,0.8,0.6,1.0,10.8,gibsota01
186,Harry Giles,58,14.1,.503,.637,3.8,1.5,0.5,0.4,1.3,7.0,gilesha01
187,Shai Gilgeous-Alexander,82,26.5,.512,.800,2.8,3.3,1.2,0.5,1.7,10.8,gilgesh01
188,Rudy Gobert,81,31.8,.669,.636,12.9,2.0,0.8,2.3,1.6,15.9,goberru01
189,Brandon Goodwin,16,3.6,.304,.818,0.2,0.9,0.0,0.0,0.2,1.4,goodwbr01
190,Aaron Gordon,78,33.8,.507,.731,7.4,3.7,0.7,0.7,2.1,16.0,gordoaa01
191,Eric Gordon,68,31.7,.525,.783,2.2,1.9,0.6,0.4,1.3,16.2,gordoer01
192,Marcin Gortat,47,16.0,.532,.729,5.6,1.4,0.1,0.5,1.1,5.0,gortama01
193,Devonte' Graham,46,14.7,.421,.761,1.4,2.6,0.5,0.0,0.7,4.7,grahade01
194,Treveon Graham,35,20.4,.435,.818,3.1,1.0,0.4,0.2,0.5,5.3,grahatr01
195,Jerami Grant,80,32.7,.567,.710,5.2,1.0,0.8,1.3,0.8,13.6,grantje01
196,Jerian Grant,60,15.7,.509,.650,1.6,2.6,0.7,0.1,0.9,4.2,grantje02
197,Donte Grantham,3,0.7,.000,,0.0,0.0,0.0,0.0,0.0,0.0,grantdo01
198,Danny Green,80,27.7,.622,.841,4.0,1.6,0.9,0.7,0.9,10.3,greenda02
199,Draymond Green,66,31.3,.501,.692,7.3,6.9,1.4,1.1,2.6,7.4,greendr01
200,Gerald Green,73,20.2,.535,.838,2.5,0.5,0.5,0.4,0.8,9.2,greenge01
201,JaMychal Green,65,21.1,.558,.792,6.3,0.8,0.7,0.5,1.3,9.4,greenja01
201,JaMychal Green,41,22.0,.545,.788,6.1,0.9,0.8,0.6,1.6,9.8,greenja01
201,JaMychal Green,24,19.6,.582,.810,6.5,0.6,0.5,0.3,1.0,8.7,greenja01
202,Jeff Green,77,27.2,.555,.888,4.0,1.8,0.6,0.5,1.3,12.3,greenje02
203,Blake Griffin,75,35.0,.532,.753,7.5,5.4,0.7,0.4,3.4,24.5,griffbl01
204,Daniel Hamilton,19,10.7,.450,.500,2.5,1.2,0.3,0.1,0.8,3.0,hamilda02
205,Dusty Hannahs,2,13.0,.250,1.000,0.5,2.5,0.5,0.0,0.5,4.0,hannadu01
206,Tim Hardaway Jr.,65,31.6,.474,.841,3.4,2.4,0.8,0.1,1.6,18.1,hardati02
206,Tim Hardaway Jr.,46,32.6,.469,.854,3.5,2.7,0.9,0.1,1.8,19.1,hardati02
206,Tim Hardaway Jr.,19,29.4,.489,.767,3.2,1.9,0.6,0.1,1.3,15.5,hardati02
207,James Harden,78,36.8,.541,.879,6.6,7.5,2.0,0.7,5.0,36.1,hardeja01
208,Maurice Harkless,60,23.6,.530,.671,4.5,1.2,1.1,0.9,0.8,7.7,harklma01
209,Montrezl Harrell,82,26.3,.617,.643,6.5,2.0,0.9,1.3,1.6,16.6,harremo01
210,Devin Harris,68,15.8,.470,.761,1.6,1.8,0.5,0.2,0.8,6.3,harride01
211,Gary Harris,57,28.8,.488,.799,2.8,2.2,1.0,0.3,1.2,12.9,harriga01
212,Joe Harris,76,30.2,.622,.827,3.8,2.4,0.5,0.2,1.6,13.7,harrijo01
213,Tobias Harris,82,34.7,.549,.866,7.9,2.8,0.6,0.5,1.8,20.0,harrito02
213,Tobias Harris,55,34.6,.561,.877,7.9,2.7,0.7,0.4,2.0,20.9,harrito02
213,Tobias Harris,27,35.0,.524,.841,7.9,2.9,0.4,0.5,1.6,18.2,harrito02
214,Andrew Harrison,17,11.0,.349,.944,1.2,1.4,0.2,0.1,0.7,3.2,harrian01
214,Andrew Harrison,1,5.0,.500,,0.0,0.0,0.0,0.0,0.0,2.0,harrian01
214,Andrew Harrison,10,14.4,.346,1.000,1.5,1.7,0.4,0.2,1.0,4.3,harrian01
214,Andrew Harrison,6,6.3,.333,.500,0.8,1.2,0.0,0.0,0.3,1.5,harrian01
215,Shaquille Harrison,73,19.6,.460,.667,3.0,1.9,1.2,0.4,0.8,6.5,harrish01
216,Josh Hart,67,25.6,.506,.688,3.7,1.4,1.0,0.6,0.9,7.8,hartjo01
217,Isaiah Hartenstein,28,7.9,.512,.786,1.7,0.5,0.3,0.4,0.5,1.9,harteis01
218,Udonis Haslem,10,7.4,.333,.750,2.7,0.2,0.0,0.0,0.3,2.5,hasleud01
219,Gordon Hayward,72,25.9,.527,.834,4.5,3.4,0.9,0.3,1.5,11.5,haywago01
220,John Henson,14,13.4,.545,.600,5.1,1.0,0.5,0.8,0.9,5.6,hensojo01
221,Juancho Hernangómez,70,19.4,.545,.767,3.8,0.8,0.4,0.3,0.5,5.8,hernaju01
222,Willy Hernangómez,58,14.0,.544,.694,5.4,1.0,0.3,0.3,1.0,7.3,hernawi01
223,Mario Hezonja,58,20.8,.457,.763,4.1,1.5,1.0,0.1,1.5,8.8,hezonma01
224,Isaiah Hicks,3,10.7,.500,.800,2.3,0.7,0.3,1.0,0.3,4.0,hicksis01
225,Buddy Hield,82,31.9,.560,.886,5.0,2.5,0.7,0.4,1.8,20.7,hieldbu01
226,Haywood Highsmith,5,8.0,.450,.000,1.0,0.4,0.2,0.0,0.2,1.8,highsha01
227,Nenê,42,13.0,.517,.660,2.9,0.6,0.4,0.4,0.3,3.6,hilarne01
228,George Hill,60,21.7,.516,.824,2.5,2.3,0.9,0.1,0.9,7.6,hillge01
228,George Hill,13,26.5,.575,.850,2.1,2.8,0.9,0.1,1.5,10.8,hillge01
228,George Hill,47,20.4,.493,.815,2.6,2.1,0.9,0.1,0.7,6.8,hillge01
229,Solomon Hill,44,20.0,.472,.719,3.0,1.3,0.5,0.2,0.7,4.3,hillso01
230,Aaron Holiday,50,12.9,.483,.820,1.3,1.7,0.4,0.3,0.8,5.9,holidaa01
231,Jrue Holiday,67,35.9,.523,.768,5.0,7.7,1.6,0.8,3.1,21.2,holidjr01
232,Justin Holiday,82,31.8,.490,.896,3.9,1.8,1.5,0.4,1.3,10.5,holidju01
232,Justin Holiday,38,34.9,.506,.891,4.4,2.2,1.8,0.6,1.2,11.6,holidju01
232,Justin Holiday,44,29.1,.474,.900,3.5,1.4,1.2,0.3,1.3,9.5,holidju01
233,John Holland,1,1.0,,,0.0,0.0,0.0,0.0,0.0,0.0,hollajo02
234,Rondae Hollis-Jefferson,59,20.9,.420,.645,5.3,1.6,0.7,0.5,1.2,8.9,holliro01
235,Richaun Holmes,70,16.9,.608,.731,4.7,0.9,0.6,1.1,0.7,8.2,holmeri01
236,Rodney Hood,72,26.3,.498,.884,2.2,1.8,0.8,0.2,0.8,11.2,hoodro01
236,Rodney Hood,45,27.4,.488,.912,2.5,2.0,0.8,0.1,0.8,12.2,hoodro01
236,Rodney Hood,27,24.4,.518,.805,1.7,1.3,0.8,0.3,0.7,9.6,hoodro01
237,Al Horford,68,29.0,.586,.821,6.7,4.2,0.9,1.3,1.5,13.6,horfoal01
238,Danuel House Jr.,39,25.1,.615,.789,3.6,1.0,0.5,0.3,0.9,9.4,houseda01
239,Dwight Howard,9,25.6,.623,.604,9.2,0.4,0.8,0.4,1.8,12.8,howardw01
240,Kevin Huerter,75,27.3,.522,.732,3.3,2.9,0.9,0.3,1.5,9.7,huertke01
241,Isaac Humphries,5,11.2,.357,,2.2,0.0,0.2,0.0,0.0,3.0,humphis01
242,R.J. Hunter,1,26.0,.615,.500,3.0,3.0,1.0,0.0,0.0,17.0,hunterj01
243,Chandler Hutchison,44,20.3,.493,.605,4.2,0.8,0.5,0.1,0.6,5.2,hutchch01
244,Serge Ibaka,74,27.2,.557,.763,8.1,1.3,0.4,1.4,1.5,15.0,ibakase01
245,Andre Iguodala,68,23.2,.579,.582,3.7,3.2,0.9,0.8,0.8,5.7,iguodan01
246,Ersan İlyasova,67,18.4,.514,.824,4.5,0.8,0.5,0.3,0.7,6.8,ilyaser01
247,Joe Ingles,82,31.3,.565,.707,4.0,5.7,1.2,0.2,2.4,12.1,inglejo01
248,Andre Ingram,4,3.8,.000,,0.5,0.0,0.3,0.0,0.3,0.0,ingraan01
249,Brandon Ingram,52,33.8,.518,.675,5.1,3.0,0.5,0.6,2.5,18.3,ingrabr01
250,Kyrie Irving,67,33.0,.557,.873,5.0,6.9,1.5,0.5,2.6,23.8,irvinky01
251,Jonathan Isaac,75,26.6,.499,.815,5.5,1.1,0.8,1.3,1.0,9.6,isaacjo01
252,Wes Iwundu,68,18.1,.465,.816,2.7,1.1,0.4,0.3,0.6,5.0,iwundwe01
253,Demetrius Jackson,6,6.5,.600,1.000,0.5,0.8,0.3,0.0,0.2,3.7,jacksde01
254,Frank Jackson,61,19.2,.493,.740,2.2,1.1,0.4,0.0,0.8,8.1,jacksfr01
255,Jaren Jackson Jr.,58,26.1,.549,.766,4.7,1.1,0.9,1.4,1.7,13.8,jacksja02
256,Josh Jackson,79,25.2,.456,.671,4.4,2.3,0.9,0.7,2.2,11.5,jacksjo02
257,Justin Jackson,81,19.9,.537,.785,2.6,1.2,0.4,0.2,0.4,7.2,jacksju01
257,Justin Jackson,52,20.8,.517,.820,2.8,1.3,0.4,0.3,0.4,6.7,jacksju01
257,Justin Jackson,29,18.3,.568,.724,2.3,1.0,0.3,0.0,0.2,8.2,jacksju01
258,Reggie Jackson,82,27.9,.504,.864,2.6,4.2,0.7,0.1,1.8,15.4,jacksre01
259,LeBron James,55,35.2,.560,.665,8.5,8.3,1.3,0.6,3.6,27.4,jamesle01
260,Amile Jefferson,12,5.7,.625,.875,1.8,0.3,0.3,0.3,0.1,2.3,jeffeam01
261,John Jenkins,26,12.8,.505,.833,1.4,0.8,0.0,0.1,0.3,4.7,jenkijo01
261,John Jenkins,4,3.5,1.500,,0.3,0.3,0.0,0.0,0.0,1.5,jenkijo01
261,John Jenkins,22,14.5,.485,.833,1.6,1.0,0.0,0.1,0.4,5.2,jenkijo01
262,Jonas Jerebko,73,16.7,.556,.800,3.9,1.3,0.4,0.2,0.6,6.3,jerebjo01
263,Alize Johnson,14,4.6,.281,.500,1.4,0.1,0.1,0.2,0.0,0.9,johnsal02
264,Amir Johnson,51,10.4,.541,.756,2.9,1.2,0.3,0.3,0.9,3.9,johnsam01
265,B.J. Johnson,7,7.0,.583,1.000,1.1,0.0,0.3,0.0,0.3,3.3,johnsbj01
265,B.J. Johnson,6,7.2,.594,1.000,1.3,0.0,0.3,0.0,0.3,3.5,johnsbj01
265,B.J. Johnson,1,6.0,.500,,0.0,0.0,0.0,0.0,0.0,2.0,johnsbj01
266,James Johnson,55,21.2,.499,.714,3.2,2.5,0.6,0.5,1.3,7.8,johnsja01
267,Stanley Johnson,66,18.3,.459,.781,3.3,1.3,0.9,0.2,1.2,6.9,johnsst04
267,Stanley Johnson,48,20.0,.454,.804,3.6,1.3,1.0,0.3,1.1,7.5,johnsst04
267,Stanley Johnson,18,13.7,.478,.692,2.3,1.6,0.7,0.1,1.4,5.3,johnsst04
268,Tyler Johnson,57,26.8,.498,.748,3.0,2.9,0.9,0.5,1.4,10.9,johnsty01
268,Tyler Johnson,44,25.5,.516,.693,2.8,2.5,0.9,0.5,1.4,10.8,johnsty01
268,Tyler Johnson,13,31.2,.440,.872,4.0,4.2,1.1,0.5,1.1,11.1,johnsty01
269,Wesley Johnson,38,14.1,.449,.684,1.9,0.6,0.4,0.3,0.5,3.4,johnswe01
269,Wesley Johnson,26,14.5,.506,.667,2.1,0.6,0.5,0.3,0.5,3.7,johnswe01
269,Wesley Johnson,12,13.1,.325,.700,1.5,0.6,0.2,0.4,0.5,2.8,johnswe01
270,Nikola Jokić,80,31.3,.545,.821,10.8,7.3,1.4,0.7,3.1,20.1,jokicni01
271,Damian Jones,24,17.1,.716,.649,3.1,1.2,0.5,1.0,0.7,5.4,jonesda03
272,Derrick Jones Jr.,60,19.2,.537,.607,4.0,0.6,0.8,0.7,0.7,7.0,jonesde02
273,Jalen Jones,16,13.4,.500,.704,2.1,0.4,0.6,0.1,0.5,5.1,jonesja04
274,Jemerrio Jones,6,23.8,.394,.500,8.2,2.2,1.2,0.8,0.8,4.5,jonesje01
275,Terrence Jones,2,2.5,.250,.000,2.0,0.0,0.0,0.0,0.5,1.0,joneste01
276,Tyus Jones,68,22.9,.460,.841,2.0,4.8,1.2,0.1,0.7,6.9,jonesty01
277,DeAndre Jordan,69,29.7,.641,.705,13.1,2.3,0.6,1.1,2.2,11.0,jordade01
277,DeAndre Jordan,50,31.1,.644,.682,13.7,2.0,0.7,1.1,2.2,11.0,jordade01
277,DeAndre Jordan,19,25.9,.634,.773,11.4,3.0,0.5,1.1,2.2,10.9,jordade01
278,Cory Joseph,82,25.2,.463,.698,3.4,3.9,1.1,0.3,1.0,6.5,josepco01
279,Frank Kaminsky,47,16.1,.547,.738,3.5,1.3,0.3,0.3,0.9,8.6,kaminfr01
280,Luke Kennard,63,22.8,.540,.836,2.9,1.8,0.4,0.2,0.9,9.7,kennalu01
281,Michael Kidd-Gilchrist,64,18.4,.500,.772,3.8,1.0,0.5,0.6,0.7,6.7,kiddgmi01
282,George King,1,6.0,,,1.0,0.0,0.0,0.0,0.0,0.0,kingge03
283,Maxi Kleber,71,21.2,.553,.784,4.6,1.0,0.5,1.1,0.8,6.8,klebima01
284,Brandon Knight,39,18.9,.460,.794,1.5,1.8,0.5,0.1,0.8,6.8,knighbr03
284,Brandon Knight,12,9.8,.287,.818,0.8,0.8,0.2,0.0,0.4,3.0,knighbr03
284,Brandon Knight,27,22.9,.498,.783,1.9,2.3,0.7,0.1,0.9,8.5,knighbr03
285,Kevin Knox,75,28.8,.438,.717,4.5,1.1,0.6,0.3,1.5,12.8,knoxke01
286,Furkan Korkmaz,48,14.1,.496,.818,2.2,1.1,0.6,0.0,0.5,5.8,korkmfu01
287,Luke Kornet,46,17.0,.502,.826,2.9,1.2,0.6,0.9,0.5,7.0,kornelu01
288,Kyle Korver,70,19.1,.559,.822,2.3,1.2,0.4,0.2,0.8,8.6,korveky01
288,Kyle Korver,16,15.7,.625,.813,1.8,1.1,0.2,0.1,1.1,6.8,korveky01
288,Kyle Korver,54,20.1,.547,.825,2.5,1.2,0.4,0.2,0.8,9.1,korveky01
289,Kosta Koufos,42,12.0,.477,.417,4.2,0.9,0.4,0.4,0.6,3.7,koufoko01
290,Rodions Kurucs,63,20.5,.514,.783,3.9,0.8,0.7,0.4,1.2,8.5,kurucro01
291,Kyle Kuzma,70,33.1,.515,.752,5.5,2.5,0.6,0.4,1.9,18.7,kuzmaky01
292,Skal Labissière,22,8.0,.592,.529,2.0,0.5,0.2,0.3,0.5,3.0,labissk01
292,Skal Labissière,13,8.7,.500,.545,1.8,0.5,0.2,0.2,0.5,2.8,labissk01
292,Skal Labissière,9,7.0,.737,.500,2.1,0.6,0.3,0.3,0.4,3.4,labissk01
293,Jeremy Lamb,79,28.5,.499,.888,5.5,2.2,1.1,0.4,1.0,15.3,lambje01
294,Zach LaVine,63,34.5,.520,.832,4.7,4.5,1.0,0.4,3.4,23.7,lavinza01
295,Jake Layman,71,18.7,.579,.704,3.1,0.7,0.4,0.4,0.6,7.6,laymaja01
296,T.J. Leaf,58,9.0,.563,.613,2.2,0.4,0.2,0.3,0.2,3.9,leaftj01
297,Courtney Lee,34,12.6,.473,.667,1.6,1.1,0.6,0.1,0.4,4.0,leeco01
297,Courtney Lee,12,13.3,.500,.643,2.3,1.3,0.7,0.2,0.4,4.7,leeco01
297,Courtney Lee,22,12.2,.457,.714,1.2,1.0,0.6,0.0,0.4,3.6,leeco01
298,Damion Lee,32,11.7,.547,.864,2.0,0.4,0.4,0.0,0.3,4.9,leeda03
299,Walt Lemon Jr.,6,27.8,.448,.727,4.5,5.0,1.8,0.2,1.7,14.3,lemonwa01
300,Alex Len,77,20.1,.551,.648,5.5,1.1,0.4,0.9,1.3,11.1,lenal01
301,Kawhi Leonard,60,34.0,.546,.854,7.3,3.3,1.8,0.4,2.0,26.6,leonaka01
302,Meyers Leonard,61,14.4,.649,.843,3.8,1.2,0.2,0.1,0.7,5.9,leoname01
303,Jon Leuer,41,9.8,.588,.742,2.4,0.3,0.3,0.1,0.6,3.8,leuerjo01
304,Caris LeVert,40,26.6,.478,.691,3.8,3.9,1.1,0.4,1.7,13.7,leverca01
305,Damian Lillard,80,35.5,.522,.912,4.6,6.9,1.1,0.4,2.7,25.8,lillada01
306,Jeremy Lin,74,19.4,.491,.838,2.4,3.1,0.6,0.2,1.7,9.6,linje01
306,Jeremy Lin,51,19.7,.523,.845,2.3,3.5,0.7,0.1,1.9,10.7,linje01
306,Jeremy Lin,23,18.8,.410,.810,2.6,2.2,0.4,0.3,1.1,7.0,linje01
307,Shaun Livingston,64,15.1,.519,.784,1.8,1.8,0.5,0.4,0.6,4.0,livinsh01
308,Zach Lofton,1,4.0,.000,,0.0,0.0,1.0,0.0,1.0,0.0,loftoza01
309,Kevon Looney,80,18.5,.627,.619,5.2,1.5,0.6,0.7,0.6,6.3,looneke01
310,Brook Lopez,81,28.7,.571,.842,4.9,1.2,0.6,2.2,1.0,12.5,lopezbr01
311,Robin Lopez,74,21.7,.575,.724,3.9,1.2,0.1,1.1,1.3,9.5,lopezro01
312,Kevin Love,22,27.2,.479,.904,10.9,2.2,0.3,0.2,1.9,17.0,loveke01
313,Kyle Lowry,65,34.0,.518,.830,4.8,8.7,1.4,0.5,2.8,14.2,lowryky01
314,Jordan Loyd,12,4.6,.556,.818,0.8,0.5,0.0,0.0,0.2,2.4,loydjo01
315,Kalin Lucas,1,6.0,.000,1.000,3.0,1.0,0.0,0.0,0.0,2.0,lucaska01
316,Timothé Luwawu-Cabarrot,50,13.4,.459,.756,1.9,0.5,0.4,0.2,0.4,4.6,luwawti01
316,Timothé Luwawu-Cabarrot,21,5.9,.360,.667,0.9,0.2,0.2,0.0,0.2,1.7,luwawti01
316,Timothé Luwawu-Cabarrot,29,18.8,.483,.771,2.7,0.8,0.5,0.2,0.6,6.8,luwawti01
317,Tyler Lydon,25,3.8,.611,.333,0.7,0.2,0.1,0.0,0.2,0.9,lydonty01
318,Trey Lyles,64,17.5,.470,.698,3.8,1.4,0.5,0.4,1.1,8.5,lylestr01
319,Scott Machado,4,4.8,.750,1.000,0.0,0.8,0.3,0.0,0.0,2.5,machasc01
320,Shelvin Mack,57,21.9,.462,.690,1.8,3.2,0.8,0.1,1.2,7.5,macksh01
320,Shelvin Mack,53,22.7,.473,.707,1.9,3.4,0.8,0.1,1.2,7.9,macksh01
320,Shelvin Mack,4,10.5,.143,.556,0.5,0.3,0.5,0.0,1.0,2.3,macksh01
321,Daryl Macon,8,11.3,.463,.571,1.5,0.9,0.1,0.0,0.8,3.6,maconda01
322,J.P. Macura,2,8.5,.333,,1.5,1.0,0.0,0.0,0.0,3.0,macurjp01
323,Ian Mahinmi,34,14.6,.466,.689,3.8,0.7,0.7,0.5,0.6,4.1,mahinia01
324,Thon Maker,64,15.2,.498,.667,3.2,0.7,0.3,0.8,0.5,5.0,makerth01
324,Thon Maker,35,11.7,.537,.541,2.7,0.5,0.3,0.5,0.3,4.7,makerth01
324,Thon Maker,29,19.4,.459,.766,3.7,0.9,0.4,1.1,0.8,5.5,makerth01
325,Boban Marjanović,58,11.7,.623,.748,4.6,0.9,0.3,0.5,1.0,7.3,marjabo01
325,Boban Marjanović,36,10.4,.607,.758,4.2,0.6,0.3,0.5,1.0,6.7,marjabo01
325,Boban Marjanović,22,13.9,.642,.722,5.1,1.5,0.2,0.5,1.0,8.2,marjabo01
326,Lauri Markkanen,52,32.3,.506,.872,9.0,1.4,0.7,0.6,1.6,18.7,markkla01
327,Jarell Martin,42,7.8,.510,.818,1.7,0.4,0.1,0.2,0.3,2.7,martija01
328,Frank Mason III,38,11.4,.462,.684,1.1,2.2,0.4,0.1,0.9,5.1,masonfr01
329,Yante Maten,2,6.5,.250,,1.5,0.0,0.5,0.0,0.0,1.0,matenya01
330,Wesley Matthews,69,30.3,.507,.810,2.5,2.3,0.8,0.2,1.3,12.2,matthwe02
330,Wesley Matthews,44,29.8,.520,.791,2.3,2.3,0.8,0.3,1.3,13.1,matthwe02
330,Wesley Matthews,2,27.0,.263,.800,1.5,2.5,0.5,0.5,1.0,7.0,matthwe02
330,Wesley Matthews,23,31.5,.500,.854,2.8,2.4,0.9,0.2,1.3,10.9,matthwe02
331,Luc Mbah a Moute,4,15.3,.500,.400,1.8,0.5,0.3,0.3,0.5,5.0,mbahalu01
332,Tahjere McCall,1,8.0,.667,.000,1.0,0.0,0.0,0.0,0.0,4.0,mccalta01
333,Patrick McCaw,29,13.7,.484,.867,1.7,1.0,0.8,0.1,0.6,2.6,mccawpa01
333,Patrick McCaw,3,17.7,.278,,1.0,0.7,0.7,0.0,1.0,1.7,mccawpa01
333,Patrick McCaw,26,13.2,.519,.867,1.7,1.0,0.8,0.1,0.5,2.7,mccawpa01
334,CJ McCollum,70,33.9,.527,.828,4.0,3.0,0.8,0.4,1.5,21.0,mccolcj01
335,T.J. McConnell,76,19.3,.542,.784,2.3,3.4,1.0,0.2,1.2,6.4,mccontj01
336,Doug McDermott,77,17.4,.590,.835,1.4,0.9,0.2,0.1,0.5,7.3,mcderdo01
337,JaVale McGee,75,22.3,.625,.632,7.5,0.7,0.6,2.0,1.4,12.0,mcgeeja01
338,Rodney McGruder,66,23.5,.489,.722,3.6,1.7,0.5,0.2,1.0,7.6,mcgruro01
339,Alfonzo McKinnie,72,13.9,.564,.563,3.4,0.4,0.3,0.2,0.4,4.7,mckinal01
340,Ben McLemore,19,8.3,.523,.667,0.9,0.2,0.3,0.2,0.3,3.9,mclembe01
341,Jordan McRae,27,12.3,.508,.800,1.5,1.1,0.5,0.3,0.6,5.9,mcraejo01
342,Jodie Meeks,8,13.0,.641,1.000,1.5,1.0,0.1,0.1,0.3,6.4,meeksjo01
343,Salah Mejri,36,11.1,.540,.625,3.6,1.0,0.3,0.7,0.6,3.9,mejrisa01
344,De'Anthony Melton,50,19.7,.447,.750,2.7,3.2,1.4,0.5,1.5,5.0,meltode01
345,Chimezie Metu,29,5.0,.328,.765,1.2,0.4,0.2,0.1,0.5,1.8,metuch01
346,Khris Middleton,77,31.1,.519,.837,6.0,4.3,1.0,0.1,2.3,18.3,middlkh01
347,C.J. Miles,53,16.2,.468,.828,1.8,0.7,0.5,0.3,0.6,6.4,milescj01
347,C.J. Miles,40,14.1,.444,.795,1.7,0.6,0.5,0.3,0.5,5.5,milescj01
347,C.J. Miles,13,22.6,.514,.929,2.1,1.1,0.6,0.4,0.7,9.3,milescj01
348,Darius Miller,69,25.5,.528,.789,1.9,2.1,0.6,0.3,0.9,8.2,milleda01
349,Malcolm Miller,10,6.7,.615,.750,0.5,0.1,0.1,0.1,0.1,3.5,millema01
350,Patty Mills,82,23.3,.545,.854,2.2,3.0,0.6,0.1,1.1,9.9,millspa02
351,Paul Millsap,70,27.1,.528,.727,7.2,2.0,1.2,0.8,1.4,12.6,millspa01
352,Shake Milton,20,13.4,.471,.714,1.8,0.9,0.4,0.4,0.3,4.4,miltosh01
353,Nikola Mirotić,46,27.1,.546,.847,7.4,1.2,0.7,0.7,1.0,15.2,mirotni01
353,Nikola Mirotić,32,28.9,.552,.842,8.3,1.1,0.7,0.8,1.2,16.7,mirotni01
353,Nikola Mirotić,14,22.9,.530,.870,5.4,1.4,0.7,0.6,0.8,11.6,mirotni01
354,Donovan Mitchell,77,33.7,.493,.806,4.1,4.2,1.4,0.4,2.8,23.8,mitchdo01
355,Naz Mitrou-Long,14,6.0,.350,1.000,0.4,1.1,0.1,0.1,0.6,1.1,mitrona01
356,Malik Monk,73,17.2,.480,.882,1.9,1.6,0.5,0.3,1.2,8.9,monkma01
357,Greg Monroe,43,11.2,.489,.625,4.0,0.6,0.3,0.2,0.7,5.3,monrogr01
357,Greg Monroe,38,11.1,.460,.574,4.1,0.4,0.3,0.2,0.8,4.8,monrogr01
357,Greg Monroe,2,2.5,.600,,1.5,0.5,0.0,0.0,0.0,3.0,monrogr01
357,Greg Monroe,3,17.3,.674,.909,4.3,2.3,0.3,0.0,0.3,13.7,monrogr01
358,E'Twaun Moore,53,27.6,.553,.763,2.4,1.9,0.8,0.2,1.1,11.9,mooreet01
359,Eric Moreland,5,8.6,.500,,4.0,0.8,0.2,0.2,1.0,1.4,moreler01
359,Eric Moreland,1,5.0,,,3.0,0.0,0.0,0.0,0.0,0.0,moreler01
359,Eric Moreland,4,9.5,.500,,4.3,1.0,0.3,0.3,1.3,1.8,moreler01
360,Jaylen Morris,4,7.3,.450,.500,1.3,1.0,0.5,0.0,0.3,2.5,morrija01
361,Marcus Morris,75,27.9,.533,.844,6.1,1.5,0.6,0.3,1.2,13.9,morrima03
362,Markieff Morris,58,21.9,.492,.772,4.6,1.4,0.6,0.4,0.9,9.4,morrima02
362,Markieff Morris,34,26.0,.509,.781,5.1,1.8,0.7,0.6,1.4,11.5,morrima02
362,Markieff Morris,24,16.1,.455,.737,3.8,0.8,0.5,0.1,0.3,6.5,morrima02
363,Monte Morris,82,24.0,.560,.802,2.4,3.6,0.9,0.0,0.6,10.4,morrimo01
364,Donatas Motiejūnas,3,4.3,.500,.000,1.0,0.3,0.0,0.3,1.0,2.0,motiedo01
365,Johnathan Motley,22,7.1,.534,.600,2.3,0.5,0.2,0.1,0.7,4.6,motlejo01
366,Emmanuel Mudiay,59,27.2,.493,.774,3.3,3.9,0.7,0.3,2.4,14.8,mudiaem01
367,Jamal Murray,75,32.6,.502,.848,4.2,4.8,0.9,0.4,2.1,18.2,murraja01
368,Džanan Musa,9,4.3,.432,.000,0.6,0.2,0.2,0.0,0.4,2.1,musadz01
369,Mike Muscala,64,20.4,.525,.824,3.8,1.2,0.3,0.6,0.8,7.0,muscami01
369,Mike Muscala,47,22.1,.514,.818,4.3,1.3,0.4,0.6,0.9,7.4,muscami01
369,Mike Muscala,17,15.6,.560,.875,2.6,0.8,0.2,0.6,0.3,5.9,muscami01
370,Svi Mykhailiuk,42,10.5,.432,.600,0.9,0.9,0.3,0.0,0.5,3.2,mykhasv01
370,Svi Mykhailiuk,39,10.8,.436,.600,0.9,0.8,0.3,0.0,0.5,3.3,mykhasv01
370,Svi Mykhailiuk,3,6.7,.375,,0.7,1.3,0.3,0.0,0.3,2.0,mykhasv01
371,Abdel Nader,61,11.4,.498,.750,1.9,0.3,0.3,0.2,0.4,4.0,naderab01
372,Larry Nance Jr.,67,26.8,.554,.716,8.2,3.2,1.5,0.6,1.4,9.4,nancela02
373,Shabazz Napier,56,17.6,.476,.833,1.8,2.6,0.7,0.3,1.2,9.4,napiesh01
374,Raul Neto,37,12.8,.522,.848,1.7,2.5,0.4,0.1,0.9,5.3,netora01
375,Georges Niang,59,8.7,.594,.833,1.5,0.6,0.2,0.1,0.4,4.0,niangge01
376,Joakim Noah,42,16.5,.516,.716,5.7,2.1,0.5,0.7,1.2,7.1,noahjo01
377,Nerlens Noel,77,13.7,.587,.684,4.2,0.6,0.9,1.2,0.6,4.9,noelne01
378,Dirk Nowitzki*,51,15.6,.444,.780,3.1,0.7,0.2,0.4,0.4,7.3,nowitdi01
379,Frank Ntilikina,43,21.0,.395,.767,2.0,2.8,0.7,0.3,1.3,5.7,ntilila01
380,James Nunnally,15,6.8,.471,1.000,0.3,0.5,0.1,0.0,0.1,2.4,nunnaja01
380,James Nunnally,13,4.9,.548,1.000,0.3,0.4,0.1,0.0,0.1,2.1,nunnaja01
380,James Nunnally,2,19.0,.346,,0.5,1.0,0.0,0.0,0.0,4.5,nunnaja01
381,Jusuf Nurkić,72,27.4,.510,.773,10.4,3.2,1.0,1.4,2.3,15.6,nurkiju01
382,David Nwaba,51,19.3,.527,.682,3.2,1.1,0.7,0.3,0.6,6.5,nwabada01
383,Royce O'Neale,82,20.4,.574,.762,3.5,1.5,0.7,0.3,0.9,5.2,onealro01
384,Kyle O'Quinn,45,8.2,.511,.810,2.6,1.2,0.2,0.6,0.7,3.5,oquinky01
385,Semi Ojeleye,56,10.6,.513,.615,1.5,0.4,0.2,0.1,0.3,3.3,ojelese01
386,Jahlil Okafor,59,15.8,.587,.663,4.7,0.7,0.3,0.7,0.9,8.2,okafoja01
387,Elie Okobo,53,18.1,.460,.787,1.8,2.4,0.6,0.1,1.3,5.7,okoboel01
388,Josh Okogie,74,23.7,.445,.728,2.9,1.2,1.2,0.4,0.9,7.7,okogijo01
389,Victor Oladipo,36,31.9,.486,.730,5.6,5.2,1.7,0.3,2.3,18.8,oladivi01
390,Kelly Olynyk,79,22.9,.563,.822,4.7,1.8,0.7,0.5,1.4,10.0,olynyke01
391,Cedi Osman,76,32.2,.504,.779,4.7,2.6,0.8,0.1,1.5,13.0,osmande01
392,Kelly Oubre Jr.,69,28.0,.510,.775,4.7,1.2,1.2,0.9,1.5,15.2,oubreke01
392,Kelly Oubre Jr.,29,26.0,.500,.800,4.4,0.7,0.9,0.7,1.0,12.9,oubreke01
392,Kelly Oubre Jr.,40,29.5,.515,.761,4.9,1.6,1.4,1.0,1.8,16.9,oubreke01
393,Zaza Pachulia,68,12.9,.440,.782,3.9,1.3,0.5,0.3,0.8,3.9,pachuza01
394,Jabari Parker,64,26.9,.533,.712,6.6,2.4,0.7,0.5,2.4,14.5,parkeja01
394,Jabari Parker,39,26.7,.514,.731,6.2,2.2,0.6,0.4,2.2,14.3,parkeja01
394,Jabari Parker,25,27.3,.565,.684,7.2,2.7,0.9,0.6,2.7,15.0,parkeja01
395,Tony Parker*,56,17.9,.474,.734,1.5,3.7,0.4,0.1,1.3,9.5,parketo01
396,Chandler Parsons,25,19.8,.453,.880,2.8,1.7,0.8,0.2,1.3,7.5,parsoch01
397,Patrick Patterson,63,13.7,.479,.633,2.3,0.5,0.3,0.2,0.3,3.6,pattepa01
398,Justin Patton,3,7.0,.286,.500,2.0,1.0,0.7,0.0,0.0,1.7,pattoju01
399,Chris Paul,58,32.0,.508,.862,4.6,8.2,2.0,0.3,2.6,15.6,paulch01
400,Cameron Payne,40,17.8,.487,.805,1.8,2.7,0.7,0.2,1.1,6.3,payneca01
400,Cameron Payne,31,17.3,.458,.880,1.7,2.7,0.6,0.2,1.1,5.7,payneca01
400,Cameron Payne,9,19.6,.573,.688,2.1,2.6,0.9,0.3,1.2,8.2,payneca01
401,Elfrid Payton,42,29.8,.475,.743,5.2,7.6,1.0,0.4,2.7,10.6,paytoel01
402,Gary Payton II,3,5.3,.688,,0.7,1.3,1.0,0.3,0.3,3.7,paytoga02
403,Theo Pinson,18,11.7,.425,.864,2.0,1.2,0.3,0.0,1.0,4.5,pinsoth01
404,Mason Plumlee,82,21.1,.595,.561,6.4,3.0,0.8,0.9,1.5,7.8,plumlma01
405,Miles Plumlee,18,9.6,.667,.533,2.2,0.9,0.3,0.2,0.6,4.4,plumlmi01
406,Jakob Poeltl,77,16.5,.645,.533,5.3,1.2,0.4,0.9,0.6,5.5,poeltja01
407,Quincy Pondexter,53,5.5,.552,.810,0.9,0.5,0.2,0.0,0.2,1.8,pondequ01
408,Otto Porter Jr.,56,30.1,.546,.813,5.6,2.1,1.5,0.6,1.2,13.9,porteot01
408,Otto Porter Jr.,41,29.0,.531,.766,5.6,2.0,1.6,0.5,1.0,12.6,porteot01
408,Otto Porter Jr.,15,32.8,.580,.906,5.5,2.7,1.2,0.6,1.7,17.5,porteot01
409,Bobby Portis,50,26.0,.504,.794,8.1,1.4,0.7,0.4,1.5,14.2,portibo01
409,Bobby Portis,22,24.1,.500,.780,7.3,1.3,0.5,0.4,1.3,14.1,portibo01
409,Bobby Portis,28,27.4,.507,.809,8.6,1.5,0.9,0.4,1.6,14.3,portibo01
410,Dwight Powell,77,21.6,.637,.772,5.3,1.5,0.6,0.6,0.9,10.6,poweldw01
411,Norman Powell,60,18.8,.568,.827,2.3,1.5,0.7,0.2,1.1,8.6,powelno01
412,Alex Poythress,21,14.5,.549,.621,3.6,0.8,0.2,0.5,0.6,5.1,poythal01
413,Taurean Prince,55,28.2,.545,.819,3.6,2.1,1.0,0.3,1.8,13.5,princta02
414,Zhou Qi,1,1.0,1.000,,0.0,0.0,0.0,0.0,0.0,2.0,qizh01
415,Ivan Rabb,49,14.7,.554,.710,4.2,1.1,0.3,0.3,0.7,5.8,rabbiv01
416,Chasson Randle,49,15.2,.525,.694,1.1,2.0,0.5,0.1,0.9,5.5,randlch01
417,Julius Randle,73,30.6,.555,.731,8.7,3.1,0.7,0.6,2.8,21.4,randlju01
418,J.J. Redick,76,31.3,.557,.894,2.4,2.7,0.4,0.2,1.3,18.1,redicjj01
419,Davon Reed,10,4.7,.500,,0.6,0.3,0.1,0.0,0.1,1.2,reedda01
420,Cameron Reynolds,19,13.6,.558,.889,1.6,0.7,0.3,0.1,0.3,5.0,reynoca01
421,Josh Richardson,73,34.8,.492,.861,3.6,4.1,1.1,0.5,1.5,16.6,richajo01
422,Malachi Richardson,22,4.7,.448,.800,0.6,0.0,0.0,0.0,0.4,1.4,richama01
423,Austin Rivers,76,26.7,.497,.526,2.1,2.2,0.6,0.3,0.9,8.1,riverau01
423,Austin Rivers,29,23.6,.477,.543,2.4,2.0,0.6,0.3,1.2,7.2,riverau01
423,Austin Rivers,47,28.6,.507,.510,1.9,2.3,0.6,0.3,0.7,8.7,riverau01
424,Devin Robinson,7,13.6,.594,.643,2.9,0.9,0.6,0.9,0.3,6.7,robinde01
425,Duncan Robinson,15,10.7,.500,.667,1.3,0.3,0.3,0.0,0.3,3.3,robindu01
426,Glenn Robinson III,47,13.0,.472,.800,1.5,0.4,0.3,0.2,0.4,4.2,robingl02
427,Jerome Robinson,33,9.7,.482,.667,1.2,0.6,0.3,0.1,0.4,3.4,robinje01
428,Mitchell Robinson,66,20.6,.694,.600,6.4,0.6,0.8,2.4,0.5,7.3,robinmi01
429,Rajon Rondo,46,29.8,.464,.639,5.3,8.0,1.2,0.2,2.8,9.2,rondora01
430,Derrick Rose,51,27.3,.518,.856,2.7,4.3,0.6,0.2,1.6,18.0,rosede01
431,Terrence Ross,81,26.5,.534,.875,3.5,1.7,0.9,0.4,1.1,15.1,rosste01
432,Terry Rozier,79,22.7,.477,.785,3.9,2.9,0.9,0.3,0.9,9.0,roziete01
433,Ricky Rubio,68,27.9,.458,.855,3.6,6.1,1.3,0.1,2.6,12.7,rubiori01
434,D'Angelo Russell,81,30.2,.512,.780,3.9,7.0,1.2,0.2,3.1,21.1,russeda01
435,Domantas Sabonis,74,24.8,.596,.715,9.3,2.9,0.6,0.4,2.2,14.1,sabondo01
436,Brandon Sampson,14,15.3,.558,.667,1.1,0.7,0.6,0.2,0.9,5.1,sampsbr01
437,JaKarr Sampson,4,31.8,.583,.810,8.0,1.0,1.0,0.8,1.0,20.0,sampsja02
438,Dario Šarić,81,25.0,.522,.880,5.6,1.6,0.6,0.1,1.2,10.6,saricda01
438,Dario Šarić,13,30.5,.443,.900,6.6,2.0,0.3,0.2,1.9,11.1,saricda01
438,Dario Šarić,68,23.9,.540,.875,5.5,1.5,0.6,0.1,1.1,10.5,saricda01
439,Tomáš Satoranský,80,27.1,.545,.819,3.5,5.0,1.0,0.2,1.5,8.9,satorto01
440,Dennis Schröder,79,29.3,.470,.819,3.6,4.1,0.8,0.2,2.2,15.5,schrode01
441,Mike Scott,79,17.7,.520,.667,3.5,0.8,0.3,0.2,0.6,5.8,scottmi01
441,Mike Scott,52,14.4,.513,.667,3.3,0.8,0.3,0.2,0.5,4.8,scottmi01
441,Mike Scott,27,24.0,.529,.667,3.8,0.8,0.3,0.2,0.6,7.8,scottmi01
442,Thabo Sefolosha,50,12.2,.591,.636,2.5,0.5,0.9,0.1,0.5,3.8,sefolth01
443,Wayne Selden,75,19.2,.463,.728,2.4,1.5,0.4,0.2,1.1,6.9,seldewa01
443,Wayne Selden,32,14.2,.466,.759,1.4,1.1,0.3,0.2,0.7,5.4,seldewa01
443,Wayne Selden,43,22.9,.461,.714,3.2,1.7,0.5,0.2,1.3,8.0,seldewa01
444,Collin Sexton,82,31.8,.480,.839,2.9,3.0,0.5,0.1,2.3,16.7,sextoco01
445,Landry Shamet,79,22.8,.581,.806,1.7,1.5,0.5,0.1,0.6,9.1,shamela01
445,Landry Shamet,54,20.5,.584,.815,1.4,1.1,0.4,0.1,0.5,8.3,shamela01
445,Landry Shamet,25,27.8,.576,.795,2.2,2.3,0.5,0.1,0.8,10.9,shamela01
446,Iman Shumpert,62,23.9,.481,.800,3.0,1.8,1.0,0.4,0.8,7.5,shumpim01
446,Iman Shumpert,42,26.2,.489,.829,3.1,2.2,1.1,0.5,0.9,8.9,shumpim01
446,Iman Shumpert,20,19.1,.454,.500,2.7,1.1,0.6,0.2,0.6,4.6,shumpim01
447,Pascal Siakam,80,31.9,.591,.785,6.9,3.1,0.9,0.7,1.9,16.9,siakapa01
448,Jordan Sibert,1,4.0,1.500,,0.0,0.0,0.0,0.0,0.0,3.0,siberjo01
449,Ben Simmons,79,34.2,.563,.600,8.8,7.7,1.4,0.8,3.5,16.9,simmobe01
450,Jonathon Simmons,56,19.0,.420,.742,2.3,2.3,0.5,0.3,1.2,6.5,simmojo02
450,Jonathon Simmons,41,20.6,.397,.778,2.4,2.3,0.4,0.3,1.4,6.9,simmojo02
450,Jonathon Simmons,15,14.6,.523,.640,1.7,2.2,0.7,0.1,0.8,5.5,simmojo02
451,Kobi Simmons,1,2.0,,,0.0,0.0,0.0,0.0,0.0,0.0,simmoko01
452,Anfernee Simons,20,7.1,.524,.563,0.7,0.7,0.1,0.0,0.6,3.8,simonan01
453,Marcus Smart,80,27.5,.533,.806,2.9,4.0,1.8,0.4,1.5,8.9,smartma01
454,Dennis Smith Jr.,53,28.5,.479,.635,2.9,4.8,1.3,0.4,2.9,13.6,smithde03
454,Dennis Smith Jr.,32,28.4,.500,.695,3.0,4.3,1.3,0.3,3.1,12.9,smithde03
454,Dennis Smith Jr.,21,28.6,.454,.568,2.8,5.4,1.3,0.4,2.6,14.7,smithde03
455,Ish Smith,56,22.3,.464,.758,2.6,3.6,0.5,0.2,1.1,8.9,smithis01
456,J.R. Smith,11,20.2,.418,.800,1.6,1.9,1.0,0.3,1.0,6.7,smithjr01
457,Jason Smith,20,9.5,.432,.875,2.6,0.7,0.2,0.4,0.7,3.3,smithja02
457,Jason Smith,12,10.8,.459,.833,3.1,1.0,0.1,0.4,0.6,3.7,smithja02
457,Jason Smith,6,6.7,.423,1.000,1.8,0.2,0.3,0.3,0.8,2.2,smithja02
457,Jason Smith,2,10.0,.333,1.000,2.0,0.5,0.0,0.0,0.5,4.0,smithja02
458,Zhaire Smith,6,18.5,.500,.750,2.2,1.7,0.3,0.3,1.0,6.7,smithzh01
459,Tony Snell,74,17.6,.564,.881,2.1,0.9,0.4,0.2,0.3,6.0,snellto01
460,Ray Spalding,14,10.6,.532,.333,3.4,0.4,0.6,0.6,0.6,3.9,spaldra01
460,Ray Spalding,1,1.0,,,0.0,0.0,0.0,0.0,0.0,0.0,spaldra01
460,Ray Spalding,13,11.3,.532,.333,3.7,0.4,0.7,0.6,0.7,4.2,spaldra01
461,Omari Spellman,46,17.5,.492,.711,4.2,1.0,0.6,0.5,0.7,5.9,spellom01
462,Nik Stauskas,68,14.9,.506,.891,1.9,1.2,0.3,0.1,0.8,5.9,stausni01
462,Nik Stauskas,44,15.3,.513,.889,1.8,1.4,0.3,0.1,0.9,6.1,stausni01
462,Nik Stauskas,24,14.3,.491,.893,2.0,0.8,0.3,0.1,0.5,5.5,stausni01
463,D.J. Stephens,1,7.0,.500,,0.0,0.0,1.0,0.0,1.0,2.0,stephdj01
464,Lance Stephenson,68,16.5,.510,.685,3.2,2.1,0.6,0.1,1.3,7.2,stephla01
465,Edmond Sumner,23,9.1,.398,.625,1.0,0.4,0.5,0.2,0.4,2.9,sumneed01
466,Caleb Swanigan,21,8.5,.349,.667,3.0,0.5,0.3,0.0,0.9,2.0,swanica01
466,Caleb Swanigan,18,8.1,.330,.857,2.9,0.4,0.2,0.0,0.9,1.9,swanica01
466,Caleb Swanigan,3,11.0,.444,.000,4.0,1.3,0.7,0.3,0.7,2.7,swanica01
467,Jayson Tatum,79,31.1,.506,.855,6.0,2.1,1.1,0.7,1.5,15.7,tatumja01
468,Jeff Teague,42,30.1,.465,.804,2.5,8.2,1.0,0.4,2.3,12.1,teaguje01
469,Garrett Temple,75,27.2,.513,.748,2.9,1.4,1.0,0.4,0.9,7.8,templga01
469,Garrett Temple,49,31.2,.525,.750,3.1,1.4,1.0,0.5,1.1,9.4,templga01
469,Garrett Temple,26,19.6,.472,.742,2.5,1.4,1.0,0.2,0.6,4.7,templga01
470,Miloš Teodosić,15,10.0,.550,.571,1.1,2.1,0.2,0.1,1.4,3.2,teodomi01
471,Jared Terrell,14,7.9,.359,.500,0.4,0.9,0.2,0.1,0.7,2.2,terreja01
472,Emanuel Terry,3,7.7,.571,.500,2.3,0.7,1.0,0.0,0.7,3.3,terryem01
472,Emanuel Terry,2,10.0,.667,.500,3.0,0.5,1.5,0.0,1.0,4.5,terryem01
472,Emanuel Terry,1,3.0,.000,.500,1.0,1.0,0.0,0.0,0.0,1.0,terryem01
473,Daniel Theis,66,13.8,.598,.737,3.4,1.0,0.3,0.6,0.5,5.7,theisda01
474,Isaiah Thomas,12,15.1,.404,.630,1.1,1.9,0.4,0.1,1.5,8.1,thomais02
475,Khyri Thomas,26,7.5,.391,.636,0.8,0.3,0.3,0.2,0.2,2.3,thomakh01
476,Lance Thomas,46,17.0,.452,.750,2.5,0.6,0.4,0.2,0.5,4.5,thomala01
477,Klay Thompson,78,34.0,.553,.816,3.8,2.4,1.1,0.6,1.5,21.5,thompkl01
478,Tristan Thompson,43,27.9,.529,.642,10.2,2.0,0.7,0.4,1.4,10.9,thomptr01
479,Sindarius Thornwell,64,4.9,.378,.735,0.7,0.3,0.2,0.1,0.3,1.0,thornsi01
480,Anthony Tolliver,65,16.6,.539,.783,2.7,0.7,0.3,0.3,0.6,5.0,tollian01
481,Karl-Anthony Towns,77,33.1,.572,.836,12.4,3.4,0.9,1.6,3.1,24.4,townska01
482,Gary Trent Jr.,15,7.4,.370,.429,0.7,0.3,0.1,0.1,0.3,2.7,trentga02
483,Allonzo Trier,64,22.8,.498,.803,3.1,1.9,0.4,0.2,1.8,10.9,trieral01
484,P.J. Tucker,82,34.2,.535,.695,5.8,1.2,1.6,0.5,0.8,7.3,tuckepj01
485,Evan Turner,73,22.0,.473,.708,4.5,3.9,0.5,0.2,1.6,6.8,turneev01
486,Myles Turner,74,28.6,.536,.736,7.2,1.6,0.8,2.7,1.4,13.3,turnemy01
487,Ekpe Udoh,51,6.3,.694,.633,1.8,0.5,0.2,0.6,0.3,2.3,udohek01
488,Tyler Ulis,1,1.0,,,0.0,0.0,0.0,0.0,0.0,0.0,ulisty01
489,Jonas Valančiūnas,49,22.3,.572,.795,8.6,1.4,0.4,1.1,1.8,15.6,valanjo01
489,Jonas Valančiūnas,30,18.8,.593,.819,7.2,1.0,0.4,0.8,1.3,12.8,valanjo01
489,Jonas Valančiūnas,19,27.7,.554,.769,10.7,2.2,0.3,1.6,2.7,19.9,valanjo01
490,Jarred Vanderbilt,17,4.1,.474,.600,1.4,0.2,0.4,0.1,0.5,1.4,vandeja01
491,Fred VanVleet,64,27.5,.503,.843,2.6,4.8,0.9,0.3,1.3,11.0,vanvlfr01
492,Noah Vonleh,68,25.3,.523,.712,7.8,1.9,0.7,0.8,1.3,8.4,vonleno01
493,Nikola Vučević,80,31.4,.549,.789,12.0,3.8,1.0,1.1,2.0,20.8,vucevni01
494,Dwyane Wade*,72,26.2,.478,.708,4.0,4.2,0.8,0.5,2.3,15.0,wadedw01
495,Moritz Wagner,43,10.4,.480,.811,2.0,0.6,0.3,0.3,0.9,4.8,wagnemo01
496,Dion Waiters,44,25.9,.528,.500,2.6,2.8,0.7,0.2,1.5,12.0,waitedi01
497,Kemba Walker,82,34.9,.511,.844,4.4,5.9,1.2,0.4,2.6,25.6,walkeke02
498,Lonnie Walker IV,17,6.9,.402,.800,1.0,0.5,0.4,0.2,0.2,2.6,walkelo01
499,John Wall,32,34.5,.490,.697,3.6,8.7,1.5,0.9,3.8,20.7,walljo01
500,Tyrone Wallace,62,10.1,.433,.526,1.6,0.7,0.3,0.1,0.6,3.5,wallaty01
501,Brad Wanamaker,36,9.5,.552,.857,1.1,1.6,0.3,0.1,0.5,3.9,wanambr01
502,T.J. Warren,43,31.6,.549,.815,4.0,1.5,1.2,0.7,1.2,18.0,warretj01
503,Julian Washburn,18,14.1,.385,.750,2.3,0.8,0.7,0.1,0.4,2.2,washbju01
504,Yuta Watanabe,15,11.6,.314,.700,2.1,0.5,0.3,0.1,0.4,2.6,watanyu01
505,Thomas Welsh,11,3.3,.654,.500,0.4,0.5,0.0,0.0,0.1,1.6,welshth01
506,Russell Westbrook,73,36.0,.468,.656,11.1,10.7,1.9,0.5,4.5,22.9,westbru01
507,Derrick White,67,25.8,.523,.772,3.7,3.9,1.0,0.7,1.4,9.9,whitede01
508,Okaro White,3,2.0,.000,,0.7,0.0,0.0,0.0,0.0,0.0,whiteok01
509,Hassan Whiteside,72,23.3,.572,.449,11.3,0.8,0.6,1.9,1.3,12.3,whiteha01
510,Andrew Wiggins,73,34.8,.461,.699,4.8,2.5,1.0,0.7,1.9,18.1,wiggian01
511,Alan Williams,5,5.2,.615,.500,3.8,0.6,0.2,0.0,0.2,3.6,willial03
512,C.J. Williams,15,8.5,.557,.000,0.5,0.8,0.4,0.0,0.3,2.6,willicj01
513,Johnathan Williams,24,15.5,.591,.563,4.1,0.5,0.3,0.3,0.7,6.5,willijo04
514,Kenrich Williams,46,23.5,.477,.684,4.8,1.8,1.0,0.4,0.8,6.1,willike04
515,Lou Williams,75,26.6,.471,.876,3.0,5.4,0.8,0.1,2.4,20.0,willilo02
516,Marvin Williams,75,28.4,.529,.767,5.4,1.2,0.9,0.8,0.6,10.1,willima02
517,Robert Williams,32,8.8,.706,.600,2.5,0.2,0.3,1.3,0.3,2.5,williro04
518,Troy Williams,21,14.9,.520,.600,2.8,0.5,0.5,0.4,0.4,5.3,willitr02
519,D.J. Wilson,48,18.4,.506,.553,4.6,1.1,0.4,0.4,0.7,5.8,wilsodj01
520,Justise Winslow,66,29.7,.497,.628,5.4,4.3,1.1,0.3,2.2,12.6,winslju01
521,Christian Wood,21,12.0,.560,.732,4.0,0.4,0.3,0.5,0.8,8.2,woodch01
521,Christian Wood,13,4.8,.540,.667,1.5,0.2,0.0,0.0,0.2,2.8,woodch01
521,Christian Wood,8,23.6,.565,.756,7.9,0.8,0.9,1.3,1.8,16.9,woodch01
522,Delon Wright,75,22.7,.478,.793,3.5,3.3,1.2,0.4,1.0,8.7,wrighde01
522,Delon Wright,49,18.3,.485,.869,2.6,2.2,0.9,0.3,0.8,6.9,wrighde01
522,Delon Wright,26,30.8,.472,.742,5.4,5.3,1.6,0.6,1.5,12.2,wrighde01
523,Guerschon Yabusele,41,6.1,.513,.682,1.3,0.4,0.2,0.2,0.4,2.3,yabusgu01
524,Nick Young,4,9.3,.500,,0.3,0.5,0.0,0.3,0.5,2.3,youngni01
525,Thaddeus Young,81,30.7,.557,.644,6.5,2.5,1.5,0.4,1.5,12.6,youngth01
526,Trae Young,81,30.9,.480,.829,3.7,8.1,0.9,0.2,3.8,19.1,youngtr01
527,Cody Zeller,49,25.4,.559,.787,6.8,2.1,0.8,0.8,1.3,10.1,zelleco01
528,Tyler Zeller,6,15.5,.533,.778,4.0,0.7,0.2,0.5,0.7,7.7,zellety01
528,Tyler Zeller,2,5.5,.000,,3.0,0.5,0.0,0.0,0.0,0.0,zellety01
528,Tyler Zeller,4,20.5,.571,.778,4.5,0.8,0.3,0.8,1.0,11.5,zellety01
529,Ante Žižić,59,18.3,.553,.705,5.4,0.9,0.2,0.4,1.0,7.8,zizican01
530,Ivica Zubac,59,17.6,.559,.802,6.1,1.1,0.2,0.9,1.2,8.9,zubaciv01
530,Ivica Zubac,33,15.6,.580,.864,4.9,0.8,0.1,0.8,1.0,8.5,zubaciv01
530,Ivica Zubac,26,20.2,.538,.733,7.7,1.5,0.4,0.9,1.4,9.4,zubaciv01